{
	"formatVersion": 1,
	"appVersion": "0.46.6",
	"files": [
		{
			"isClone": false,
			"noteId": "tk2zmAQa3PmO",
			"notePath": [
				"tk2zmAQa3PmO"
			],
			"title": "Calendar Page",
			"notePosition": 10,
			"prefix": null,
			"isExpanded": 1,
			"type": "code",
			"mime": "text/html",
			"attributes": [],
			"dataFileName": "Calendar Page.html",
			"dirFileName": "Calendar Page",
			"children": [
				{
					"isClone": false,
					"noteId": "eDFfYAuQjpNh",
					"notePath": [
						"tk2zmAQa3PmO",
						"eDFfYAuQjpNh"
					],
					"title": "Script",
					"notePosition": 1,
					"prefix": null,
					"isExpanded": 1,
					"type": "code",
					"mime": "application/javascript;env=frontend",
					"attributes": [],
					"dataFileName": "Script.js"
				}
			]
		},
		{
			"noImport": true,
			"dataFileName": "navigation.html"
		},
		{
			"noImport": true,
			"dataFileName": "index.html"
		},
		{
			"noImport": true,
			"dataFileName": "style.css"
		}
	]
}